month,brand,total_revenue,total_purchases,conversion_rate
2019-Nov,apple,1782506.76,2305.0,3.07
2019-Nov,samsung,781873.09,2761.0,2.88
2019-Nov,xiaomi,153140.01,1001.0,1.7
2019-Nov,lg,72030.52,181.0,1.28
2019-Nov,huawei,58187.89,287.0,1.67
2019-Nov,oppo,51029.25,213.0,2.07
2019-Nov,sony,50575.8,141.0,1.43
2019-Nov,acer,45885.39,91.0,0.97
2019-Nov,lucente,44752.79,184.0,1.23
2019-Nov,asus,41653.16,70.0,1.02
2019-Nov,artel,30426.99,177.0,2.22
2019-Nov,lenovo,27991.32,68.0,0.67
2019-Nov,bosch,24454.3,118.0,0.96
2019-Nov,indesit,21894.55,88.0,1.68
2019-Nov,beko,16445.98,72.0,2.11
2019-Nov,cordiant,13819.81,280.0,3.35
2019-Nov,haier,13797.59,46.0,1.38
2019-Nov,hp,11608.98,45.0,0.64
2019-Nov,philips,10170.89,82.0,1.47
2019-Nov,midea,9389.51,62.0,1.7
2019-Nov,tefal,8468.13,74.0,1.67
2019-Nov,msi,7272.62,8.0,0.82
2019-Nov,tcl,7033.37,27.0,2.51
2019-Nov,dauscher,6407.53,50.0,1.0
2019-Nov,sv,6182.85,31.0,0.8
2019-Nov,karcher,6151.95,17.0,0.74
2019-Nov,vivo,5916.94,26.0,1.18
2019-Nov,nokian,5743.41,79.0,2.37
2019-Nov,starline,5735.39,43.0,1.48
2019-Nov,bts,5731.55,26.0,1.14
2019-Nov,yamaha,5208.64,10.0,0.92
2019-Nov,brw,5207.25,20.0,0.53
2019-Nov,redmond,5023.47,69.0,1.23
2019-Nov,respect,4709.34,58.0,0.6
2019-Nov,meizu,4510.73,37.0,1.33
2019-Nov,casio,4451.3,66.0,1.37
2019-Nov,atlant,4322.3,14.0,0.81
2019-Nov,hansa,4252.78,19.0,0.83
2019-Nov,navien,4227.35,7.0,1.94
2019-Nov,jbl,4224.91,44.0,1.96
2019-Nov,palit,4210.47,12.0,2.67
2019-Nov,janome,4078.37,17.0,0.68
2019-Nov,cybex,3994.81,6.0,2.65
2019-Nov,kivi,3968.25,15.0,1.52
2019-Nov,epson,3759.37,20.0,1.62
2019-Nov,nokia,3690.51,43.0,1.28
2019-Nov,viatti,3653.8,90.0,2.87
2019-Nov,triangle,3505.51,67.0,2.86
2019-Nov,electrolux,3455.95,20.0,1.06
2019-Nov,gopro,3419.78,7.0,2.27
2019-Nov,rinnai,3411.09,4.0,2.11
2019-Nov,stels,3386.81,32.0,1.05
2019-Nov,braun,3373.37,33.0,1.31
2019-Nov,moulinex,3306.98,22.0,2.3
2019-Nov,garmin,3306.35,4.0,0.35
2019-Nov,nikon,3221.15,9.0,1.97
2019-Nov,oneplus,3166.12,5.0,0.38
2019-Nov,smeg,3160.35,7.0,1.02
2019-Nov,arg,3148.48,36.0,2.85
2019-Nov,canon,3027.26,12.0,0.85
2019-Nov,honor,3025.61,16.0,0.87
2019-Nov,kenwood,2952.78,7.0,0.44
2019-Nov,neoline,2911.05,16.0,1.72
2019-Nov,pulser,2890.52,6.0,0.33
2019-Nov,kitchenaid,2767.12,2.0,0.88
2019-Nov,force,2726.8,18.0,0.98
2019-Nov,huter,2672.82,17.0,1.05
2019-Nov,delonghi,2658.37,5.0,0.55
2019-Nov,ariston,2635.54,24.0,1.84
2019-Nov,gefest,2604.35,11.0,0.68
2019-Nov,yokohama,2592.86,28.0,1.71
2019-Nov,lider,2586.54,6.0,0.99
2019-Nov,sho-me,2520.77,17.0,2.3
2019-Nov,vitek,2446.41,62.0,1.25
2019-Nov,bumbleride,2436.63,7.0,11.67
2019-Nov,element,2411.61,19.0,5.38
2019-Nov,rowenta,2318.63,42.0,2.65
2019-Nov,skad,2310.09,9.0,0.65
2019-Nov,changhong,2276.72,12.0,2.84
2019-Nov,dyson,2175.5,4.0,0.86
2019-Nov,rals,2168.73,4.0,0.55
2019-Nov,creed,2156.63,11.0,2.61
2019-Nov,umi,2084.9,4.0,1.89
2019-Nov,candy,1986.93,7.0,1.18
2019-Nov,thomas,1955.45,6.0,0.52
2019-Nov,dji,1947.7,4.0,0.87
2019-Nov,gorenje,1915.41,7.0,0.5
2019-Nov,polaris,1893.24,43.0,1.05
2019-Nov,babyzen,1891.95,3.0,3.9
2019-Nov,rivertoys,1890.13,7.0,1.78
2019-Nov,michelin,1873.92,20.0,2.07
2019-Nov,elenberg,1871.77,56.0,1.83
2019-Nov,pioneer,1863.54,16.0,0.67
2019-Nov,gigabyte,1790.6,9.0,0.83
2019-Nov,orient,1781.68,14.0,2.07
2019-Nov,maxxis,1769.57,24.0,2.03
2019-Nov,goodyear,1751.12,16.0,1.88
2019-Nov,pandora,1685.19,9.0,1.52
2019-Nov,yasin,1607.91,8.0,0.8
2019-Nov,ostamebel,1599.52,2.0,1.55
2019-Nov,laurastar,1575.3,1.0,1.72
2019-Nov,giant,1569.67,2.0,1.03
2019-Nov,festool,1544.44,2.0,4.55
2019-Nov,vegas,1524.63,6.0,0.82
2019-Nov,roadx,1503.9,33.0,3.26
2019-Nov,laufen,1490.07,3.0,7.69
2019-Nov,matador,1471.56,28.0,2.31
2019-Nov,fly,1469.26,5.0,0.92
2019-Nov,omron,1420.53,25.0,1.77
2019-Nov,sokolov,1413.36,16.0,0.54
2019-Nov,firestone,1396.94,4.0,8.0
2019-Nov,granhel,1303.49,10.0,1.25
2019-Nov,pocketbook,1298.86,9.0,1.48
2019-Nov,powcan,1287.04,4.0,7.02
2019-Nov,imperial,1282.09,3.0,0.34
2019-Nov,bridgestone,1257.96,8.0,1.1
2019-Nov,minimotors,1245.84,2.0,4.88
2019-Nov,bernina,1235.3,1.0,0.81
2019-Nov,salamander,1197.96,10.0,1.14
2019-Nov,intel,1192.18,5.0,0.44
2019-Nov,chanel,1177.14,7.0,1.31
2019-Nov,tp-link,1163.53,21.0,1.91
2019-Nov,dsland,1132.6,2.0,4.08
2019-Nov,microsoft,1132.48,4.0,0.85
2019-Nov,powertrac,1106.75,29.0,3.51
2019-Nov,dinastia,1098.87,3.0,0.5
2019-Nov,housefit,1091.4,3.0,0.52
2019-Nov,baden,1079.07,15.0,0.42
2019-Nov,kingston,1074.3,22.0,1.64
2019-Nov,condtrol,1068.09,6.0,11.11
2019-Nov,tunga,1031.41,28.0,1.73
2019-Nov,prestigio,1028.18,18.0,1.94
2019-Nov,crown,1018.76,21.0,1.65
2019-Nov,ara,1018.01,7.0,10.0
2019-Nov,fornelli,1011.1,2.0,5.56
2019-Nov,kapsen,1010.07,20.0,1.64
2019-Nov,continental,1009.53,6.0,1.17
2019-Nov,kipardo,1007.5,3.0,0.75
2019-Nov,xp-pen,996.11,2.0,2.63
2019-Nov,nike,994.39,8.0,0.43
2019-Nov,joyroad,991.58,23.0,4.23
2019-Nov,etor,991.02,8.0,1.27
2019-Nov,gigawatt,989.99,11.0,2.35
2019-Nov,asel,969.02,19.0,2.5
2019-Nov,genau,965.7,4.0,1.95
2019-Nov,kurzweil,939.51,1.0,0.68
2019-Nov,amd,920.24,4.0,0.6
2019-Nov,laston,904.92,5.0,2.62
2019-Nov,nika,888.1,18.0,1.37
2019-Nov,ams,885.48,4.0,7.27
2019-Nov,elari,878.32,14.0,1.5
2019-Nov,aero,875.2,6.0,4.84
2019-Nov,ray-ban,862.69,4.0,5.71
2019-Nov,belecoo,838.66,7.0,0.75
2019-Nov,thermex,829.14,8.0,2.91
2019-Nov,alkor,820.84,3.0,0.69
2019-Nov,aeroforce,818.47,5.0,0.92
2019-Nov,dior,818.01,6.0,1.33
2019-Nov,sven,808.43,18.0,2.12
2019-Nov,goodride,800.02,18.0,2.89
2019-Nov,startline,781.99,3.0,2.1
2019-Nov,alser,772.19,1.0,0.81
2019-Nov,sava,754.71,4.0,2.25
2019-Nov,rusgoldart,753.7,4.0,1.41
2019-Nov,askona,748.32,5.0,0.71
2019-Nov,shivaki,733.86,5.0,0.7
2019-Nov,delta,733.36,6.0,0.77
2019-Nov,asm,720.22,2.0,0.43
2019-Nov,hjc,707.87,2.0,100.0
2019-Nov,hubert,707.59,1.0,0.38
2019-Nov,kartal,704.28,3.0,0.84
2019-Nov,panasonic,696.53,10.0,0.52
2019-Nov,squier,688.3,2.0,1.3
2019-Nov,transcend,687.97,10.0,1.2
2019-Nov,powercolor,681.37,4.0,2.33
2019-Nov,bq,677.21,13.0,1.13
2019-Nov,makita,665.23,3.0,0.35
2019-Nov,robertobravo,664.57,1.0,0.37
2019-Nov,skyworth,643.26,1.0,0.85
2019-Nov,netechnics,630.62,1.0,0.25
2019-Nov,incanto,630.55,4.0,1.1
2019-Nov,burgerschuhe,616.5,6.0,2.14
2019-Nov,ballu,615.75,11.0,1.04
2019-Nov,alis,609.93,5.0,2.07
2019-Nov,harper,607.56,9.0,1.42
2019-Nov,trust,599.97,6.0,1.85
2019-Nov,bars,598.2,11.0,2.13
2019-Nov,optoma,594.58,1.0,4.17
2019-Nov,kicx,592.29,10.0,1.77
2019-Nov,remington,590.05,10.0,1.86
2019-Nov,ersport,588.06,5.0,2.22
2019-Nov,comforser,583.17,9.0,1.71
2019-Nov,scarlett,581.42,20.0,0.84
2019-Nov,strobbs,579.69,9.0,1.07
2019-Nov,flama,575.15,4.0,1.16
2019-Nov,ninebot,566.3,1.0,5.56
2019-Nov,canyon,561.29,9.0,1.73
2019-Nov,kiturami,560.72,1.0,1.35
2019-Nov,nexen,559.65,7.0,1.15
2019-Nov,pirelli,558.32,5.0,1.22
2019-Nov,badlandgames,550.49,9.0,3.47
2019-Nov,flight,527.7,5.0,4.07
2019-Nov,daewoo,527.61,1.0,0.86
2019-Nov,ergo,524.57,3.0,0.99
2019-Nov,wagner,523.31,1.0,1.72
2019-Nov,joie,518.66,5.0,1.07
2019-Nov,akom,512.25,7.0,2.72
2019-Nov,cover,511.21,2.0,0.77
2019-Nov,oasis,510.99,16.0,1.51
2019-Nov,lanvin,499.88,11.0,1.57
2019-Nov,olmeko,498.0,3.0,4.41
2019-Nov,berghoff,491.88,7.0,2.3
2019-Nov,aimoto,491.46,9.0,1.47
2019-Nov,danke,490.36,1.0,1.41
2019-Nov,rieker,475.94,5.0,0.22
2019-Nov,intex,473.89,10.0,1.13
2019-Nov,lancome,472.27,10.0,4.48
2019-Nov,hotpoint-ariston,471.01,3.0,0.86
2019-Nov,maxwell,470.25,11.0,1.02
2019-Nov,alteco,466.67,8.0,0.96
2019-Nov,versale,464.82,2.0,1.36
2019-Nov,venta,463.28,2.0,5.88
2019-Nov,bodysculpture,463.07,1.0,0.45
2019-Nov,alpine,452.78,3.0,0.88
2019-Nov,zeta,447.73,7.0,0.78
2019-Nov,phoenix,429.82,2.0,1.16
2019-Nov,xing,429.3,2.0,2.33
2019-Nov,montale,421.38,6.0,0.52
2019-Nov,kormoran,410.69,8.0,2.75
2019-Nov,aerocool,409.3,6.0,1.26
2019-Nov,kapika,408.64,6.0,3.23
2019-Nov,satura,398.98,1.0,1.1
2019-Nov,matrol,395.35,4.0,1.27
2019-Nov,perilla,387.57,13.0,2.78
2019-Nov,halmar,387.44,2.0,6.67
2019-Nov,riga,386.11,1.0,2.13
2019-Nov,arnica,385.27,2.0,0.35
2019-Nov,voltman,377.4,5.0,2.53
2019-Nov,adamex,370.67,1.0,0.69
2019-Nov,chayka,369.81,4.0,1.27
2019-Nov,aurora,362.94,1.0,2.27
2019-Nov,sunwide,355.2,8.0,5.1
2019-Nov,ski-doo,355.07,1.0,0.48
2019-Nov,rial,354.43,1.0,0.93
2019-Nov,can-am,351.95,1.0,0.51
2019-Nov,erlit,350.85,1.0,0.23
2019-Nov,juki,350.21,1.0,2.08
2019-Nov,romana,350.07,1.0,0.43
2019-Nov,dxracer,350.05,1.0,0.56
2019-Nov,wingoffly,344.59,3.0,0.78
2019-Nov,versace,341.56,6.0,0.77
2019-Nov,stihl,339.52,2.0,0.55
2019-Nov,tecno,339.01,3.0,3.19
2019-Nov,gucci,338.41,4.0,1.15
2019-Nov,ea,332.86,5.0,3.18
2019-Nov,baltekstil,331.03,3.0,1.05
2019-Nov,roamer,330.77,1.0,2.17
2019-Nov,legre,330.52,4.0,0.98
2019-Nov,leadbros,329.48,2.0,1.25
2019-Nov,deepcool,324.23,5.0,1.69
2019-Nov,hertz,322.88,2.0,0.92
2019-Nov,akvafor,320.96,2.0,1.44
2019-Nov,fila,319.78,3.0,0.45
2019-Nov,galaxy,319.2,10.0,0.87
2019-Nov,dell,319.16,1.0,0.09
2019-Nov,viewsonic,319.07,1.0,1.54
2019-Nov,kristal,315.84,1.0,0.9
2019-Nov,toshiba,306.7,5.0,1.12
2019-Nov,stagg,301.17,3.0,1.49
2019-Nov,teploross,300.84,3.0,1.97
2019-Nov,atlantic,300.37,1.0,0.67
2019-Nov,efremov,299.62,1.0,0.37
2019-Nov,willmark,299.34,13.0,2.25
2019-Nov,hifly,297.05,6.0,1.62
2019-Nov,adidas,294.77,4.0,0.68
2019-Nov,crucial,294.68,3.0,3.03
2019-Nov,mart,293.67,7.0,1.71
2019-Nov,merries,290.71,14.0,24.56
2019-Nov,king,290.56,2.0,1.11
2019-Nov,sportelite,289.58,2.0,0.63
2019-Nov,babyliss,289.33,4.0,0.85
2019-Nov,varta,288.29,3.0,1.43
2019-Nov,blaupunkt,282.38,1.0,0.72
2019-Nov,klima,277.62,2.0,2.5
2019-Nov,fujifilm,277.17,2.0,0.76
2019-Nov,balta,274.92,3.0,1.92
2019-Nov,smoby,273.91,1.0,3.33
2019-Nov,pozis,272.59,1.0,0.63
2019-Nov,kukmara,269.57,7.0,3.52
2019-Nov,aoteli,266.95,6.0,4.62
2019-Nov,ibox,266.49,4.0,0.7
2019-Nov,diamant,265.13,2.0,1.44
2019-Nov,avs,264.23,4.0,5.97
2019-Nov,trebl,263.07,3.0,0.68
2019-Nov,toyota,262.53,1.0,0.93
2019-Nov,jordan,262.04,2.0,0.56
2019-Nov,inoi,261.16,4.0,0.9
2019-Nov,cnd,257.38,1.0,3.45
2019-Nov,polini,257.38,1.0,0.55
2019-Nov,biwec,256.9,2.0,3.13
2019-Nov,seagate,256.38,5.0,2.76
2019-Nov,citizen,255.34,2.0,5.41
2019-Nov,hankook,254.84,4.0,1.04
2019-Nov,lacoste,254.0,5.0,1.64
2019-Nov,tigar,248.83,4.0,0.95
2019-Nov,almacom,240.97,5.0,0.72
2019-Nov,brother,237.69,2.0,0.49
2019-Nov,ivt,236.0,4.0,6.9
2019-Nov,kitfort,235.27,2.0,0.26
2019-Nov,kenzo,235.0,3.0,3.03
2019-Nov,peg-perego,234.11,2.0,1.3
2019-Nov,ovation,233.98,4.0,1.92
2019-Nov,grillver,233.1,2.0,2.82
2019-Nov,nicecooker,231.66,2.0,2.47
2019-Nov,givenchy,231.62,3.0,1.27
2019-Nov,axis,231.41,1.0,0.62
2019-Nov,mercedes,230.89,1.0,2.78
2019-Nov,dds,230.35,1.0,5.56
2019-Nov,m-audio,229.04,2.0,1.57
2019-Nov,adil,228.32,2.0,0.95
2019-Nov,quatro,226.52,1.0,5.56
2019-Nov,renova,226.26,3.0,3.19
2019-Nov,reebok,223.66,2.0,0.61
2019-Nov,karya,222.65,3.0,0.27
2019-Nov,ride,221.11,1.0,2.44
2019-Nov,osman,218.8,1.0,1.14
2019-Nov,gree,218.02,1.0,0.6
2019-Nov,omoikiri,217.21,1.0,6.67
2019-Nov,doogee,212.81,2.0,0.65
2019-Nov,pride,211.07,1.0,0.38
2019-Nov,teknum,210.76,3.0,3.26
2019-Nov,asrock,209.53,2.0,0.55
2019-Nov,turbo,205.84,4.0,1.72
2019-Nov,jiaxingharleybabycar,205.67,1.0,3.45
2019-Nov,dunlop,205.16,3.0,1.53
2019-Nov,acme,202.07,5.0,1.32
2019-Nov,tomfarr,200.78,1.0,0.07
2019-Nov,cenmax,199.59,3.0,1.71
2019-Nov,mebelswow-rn,198.2,2.0,1.26
2019-Nov,timberk,196.34,5.0,0.79
2019-Nov,mrm-power,194.69,1.0,7.14
2019-Nov,lego,194.0,6.0,0.63
2019-Nov,deta,193.31,2.0,1.63
2019-Nov,dwt,190.85,4.0,1.13
2019-Nov,petek,189.46,3.0,0.81
2019-Nov,irest,188.38,2.0,12.5
2019-Nov,kpt,188.14,1.0,3.85
2019-Nov,bfgoodrich,187.9,3.0,0.84
2019-Nov,bergner,187.27,6.0,2.71
2019-Nov,aoc,185.07,1.0,0.61
2019-Nov,mammut,184.56,3.0,16.67
2019-Nov,babytime,182.93,3.0,1.07
2019-Nov,moldabela,182.5,2.0,1.75
2019-Nov,luminarc,182.48,2.0,0.2
2019-Nov,adriatica,180.96,1.0,0.66
2019-Nov,fossil,180.18,1.0,0.48
2019-Nov,fassen,179.16,4.0,0.56
2019-Nov,denzel,177.53,1.0,0.36
2019-Nov,bartek,176.33,2.0,1.53
2019-Nov,eurolux,176.19,2.0,0.78
2019-Nov,redford,175.29,1.0,0.88
2019-Nov,selby,174.92,4.0,2.0
2019-Nov,clatronic,172.43,2.0,0.91
2019-Nov,jaguar,171.83,1.0,0.17
2019-Nov,indigo,167.84,4.0,9.52
2019-Nov,fender,167.83,1.0,0.63
2019-Nov,edge,167.31,1.0,0.56
2019-Nov,mutant,166.67,3.0,2.5
2019-Nov,sordiant,164.48,3.0,5.56
2019-Nov,centurion,164.22,2.0,1.03
2019-Nov,jinga,163.45,3.0,2.65
2019-Nov,gran-stone,162.08,2.0,1.64
2019-Nov,mykronoz,161.91,1.0,0.69
2019-Nov,nexpero,161.65,2.0,0.32
2019-Nov,hyundai,161.14,3.0,0.8
2019-Nov,plantronics,159.11,5.0,3.18
2019-Nov,florentina,158.82,1.0,5.26
2019-Nov,intego,154.44,1.0,1.82
2019-Nov,mutlu,154.11,2.0,2.15
2019-Nov,aqua,153.89,4.0,2.22
2019-Nov,waterpik,153.65,1.0,3.23
2019-Nov,mazzini,152.39,5.0,1.96
2019-Nov,beats,151.84,1.0,0.81
2019-Nov,ubisoft,151.19,7.0,4.83
2019-Nov,marcomen,150.84,2.0,2.44
2019-Nov,master,148.78,2.0,3.45
2019-Nov,kerastase,148.58,2.0,3.57
2019-Nov,westerndigital,147.95,1.0,20.0
2019-Nov,jvc,145.18,2.0,0.39
2019-Nov,rostok-mebel,144.07,1.0,5.26
2019-Nov,vako,142.53,2.0,0.92
2019-Nov,peterhof,141.52,2.0,1.45
2019-Nov,hoco,141.39,7.0,3.07
2019-Nov,moschino,141.22,3.0,1.05
2019-Nov,qmax,140.47,1.0,0.83
2019-Nov,santeri,136.63,2.0,1.83
2019-Nov,belashoff,133.85,1.0,1.27
2019-Nov,wonlex,133.83,5.0,0.61
2019-Nov,rastar,133.49,4.0,1.2
2019-Nov,zeppelin,133.21,3.0,3.41
2019-Nov,steelseries,132.57,3.0,1.22
2019-Nov,goform,131.28,2.0,3.57
2019-Nov,babys,131.19,3.0,6.38
2019-Nov,bulgari,129.89,2.0,0.74
2019-Nov,rooman,129.22,2.0,0.44
2019-Nov,profiko,128.7,1.0,4.17
2019-Nov,hermes,128.45,1.0,1.28
2019-Nov,rockforce,128.19,1.0,3.33
2019-Nov,guerlain,127.93,1.0,1.45
2019-Nov,irbis,127.66,3.0,1.22
2019-Nov,oursson,126.1,1.0,1.22
2019-Nov,activision,125.84,2.0,1.54
2019-Nov,blam,123.56,1.0,5.0
2019-Nov,habilead,122.78,2.0,0.59
2019-Nov,birusa,122.44,1.0,3.03
2019-Nov,texet,121.38,4.0,0.74
2019-Nov,tonybellucci,118.92,1.0,0.56
2019-Nov,kumho,117.77,2.0,1.83
2019-Nov,alphard,117.12,1.0,0.51
2019-Nov,jacqueslemans,116.86,1.0,2.78
2019-Nov,rant,115.78,2.0,1.49
2019-Nov,jet,115.74,4.0,1.45
2019-Nov,bochetti,115.58,1.0,1.12
2019-Nov,kolner,115.47,4.0,1.06
2019-Nov,bestoy,113.26,2.0,1.57
2019-Nov,bauer,112.98,2.0,0.93
2019-Nov,thermaltake,112.49,2.0,1.15
2019-Nov,lorelli,111.66,2.0,0.36
2019-Nov,karat,110.17,2.0,0.58
2019-Nov,micio,109.88,1.0,4.76
2019-Nov,cacharel,109.48,2.0,6.67
2019-Nov,stanley,109.33,2.0,0.34
2019-Nov,geil,108.83,3.0,1.06
2019-Nov,apacer,108.26,5.0,1.38
2019-Nov,lux,107.93,2.0,0.79
2019-Nov,elikor,106.31,1.0,0.91
2019-Nov,zemex,104.93,1.0,2.7
2019-Nov,arsi,104.5,2.0,6.25
2019-Nov,razer,103.74,2.0,0.78
2019-Nov,zeetex,102.96,2.0,13.33
2019-Nov,garanterm,102.51,1.0,3.57
2019-Nov,casper,102.19,1.0,0.62
2019-Nov,audac,100.39,1.0,10.0
2019-Nov,saturn,99.36,7.0,1.23
2019-Nov,nakamichi,99.1,1.0,0.79
2019-Nov,darina,98.9,1.0,0.38
2019-Nov,hoover,98.56,1.0,0.65
2019-Nov,magnetta,97.81,1.0,0.21
2019-Nov,edufun,97.79,1.0,0.62
2019-Nov,deluxe,96.69,5.0,1.77
2019-Nov,olmio,95.96,3.0,1.4
2019-Nov,boccia,95.24,1.0,0.39
2019-Nov,carver,92.67,1.0,1.49
2019-Nov,ballarini,92.64,1.0,7.14
2019-Nov,huion,92.64,1.0,0.86
2019-Nov,ecocool,92.64,1.0,1.75
2019-Nov,caramelia,92.58,3.0,1.68
2019-Nov,romanson,91.12,1.0,1.64
2019-Nov,atoll,90.35,1.0,1.28
2019-Nov,carfashion,89.84,1.0,0.11
2019-Nov,pituso,89.71,1.0,0.44
2019-Nov,volta,88.29,2.0,1.39
2019-Nov,antika,88.03,1.0,4.0
2019-Nov,playme,87.26,1.0,0.88
2019-Nov,roadstone,86.49,2.0,0.85
2019-Nov,gulliver,84.94,1.0,0.67
2019-Nov,regent,84.92,1.0,2.63
2019-Nov,vega,83.91,5.0,0.59
2019-Nov,genesis,82.38,2.0,0.84
2019-Nov,greyder,82.37,1.0,0.09
2019-Nov,prada,81.43,1.0,1.2
2019-Nov,santek,80.31,1.0,0.88
2019-Nov,mamadoma,80.05,2.0,2.9
2019-Nov,cantra,79.8,2.0,0.34
2019-Nov,anytek,79.8,1.0,0.52
2019-Nov,millionaire,79.02,1.0,0.36
2019-Nov,delmax,77.74,2.0,1.64
2019-Nov,horizont,77.22,1.0,0.38
2019-Nov,remix,75.97,1.0,5.26
2019-Nov,mtx,75.57,1.0,10.0
2019-Nov,aplus,75.16,2.0,1.23
2019-Nov,gamma,74.7,2.0,1.52
2019-Nov,teosa,72.96,3.0,1.96
2019-Nov,fubag,72.72,1.0,0.88
2019-Nov,stendmebel,71.79,1.0,0.29
2019-Nov,ritmix,70.23,4.0,0.47
2019-Nov,defender,70.11,5.0,0.8
2019-Nov,altenzo,69.5,1.0,0.7
2019-Nov,tuka,69.5,3.0,3.8
2019-Nov,hayali,69.5,1.0,1.22
2019-Nov,gimi,69.42,3.0,4.62
2019-Nov,dymatize,68.34,1.0,4.17
2019-Nov,zte,66.9,1.0,0.73
2019-Nov,svc,65.08,3.0,2.4
2019-Nov,hasbro,64.61,1.0,0.3
2019-Nov,marshal,64.35,1.0,5.26
2019-Nov,rombica,64.33,1.0,0.89
2019-Nov,usams,63.59,2.0,1.87
2019-Nov,forlux,61.78,1.0,25.0
2019-Nov,bambola,58.69,1.0,0.71
2019-Nov,alvitek,57.91,2.0,1.23
2019-Nov,shenma,56.63,1.0,0.71
2019-Nov,rondell,56.6,1.0,0.08
2019-Nov,modern,56.58,2.0,7.14
2019-Nov,sanita,55.98,2.0,3.03
2019-Nov,p.i.t.,55.96,1.0,0.63
2019-Nov,trussardi,55.33,1.0,2.27
2019-Nov,llorens,55.32,1.0,0.25
2019-Nov,gislaved,53.28,1.0,0.48
2019-Nov,denn,52.95,3.0,2.7
2019-Nov,redragon,52.77,1.0,0.53
2019-Nov,gewa,51.48,1.0,1.19
2019-Nov,turboair,51.46,1.0,0.56
2019-Nov,total,51.46,1.0,0.37
2019-Nov,jabra,51.42,2.0,4.17
2019-Nov,embryolisse,51.42,2.0,3.92
2019-Nov,tv-shop,50.96,2.0,16.67
2019-Nov,rosa,50.35,1.0,1.52
2019-Nov,zhejiang,50.17,1.0,10.0
2019-Nov,nutrilon,47.65,4.0,2.92
2019-Nov,plextor,47.59,1.0,4.76
2019-Nov,tarkett,46.32,8.0,2.35
2019-Nov,simba,45.79,1.0,0.44
2019-Nov,escan,44.79,1.0,0.43
2019-Nov,maxcity,43.76,1.0,5.0
2019-Nov,edifier,43.48,1.0,1.72
2019-Nov,maxtrek,42.99,1.0,0.47
2019-Nov,smile,41.93,1.0,0.55
2019-Nov,norfin,41.49,1.0,0.26
2019-Nov,tch,41.18,1.0,4.17
2019-Nov,bardahl,39.13,1.0,0.76
2019-Nov,uragan,38.87,1.0,16.67
2019-Nov,hilo,38.61,1.0,1.49
2019-Nov,compasal,38.35,1.0,1.89
2019-Nov,luxell,37.84,1.0,1.75
2019-Nov,mebelson,37.56,1.0,0.71
2019-Nov,milavitsa,36.69,1.0,0.24
2019-Nov,rivacase,36.51,1.0,2.0
2019-Nov,vinzer,36.24,1.0,0.63
2019-Nov,erisson,36.04,1.0,2.0
2019-Nov,wster,35.8,1.0,2.86
2019-Nov,rapoo,35.78,1.0,2.13
2019-Nov,delux,34.43,3.0,1.58
2019-Nov,logitech,34.35,2.0,0.53
2019-Nov,microlab,33.92,2.0,0.3
2019-Nov,gerat,33.85,1.0,0.19
2019-Nov,stayer,33.46,2.0,1.54
2019-Nov,sun,33.46,1.0,6.25
2019-Nov,olto,33.44,1.0,1.52
2019-Nov,remax,33.44,1.0,0.59
2019-Nov,edon,32.82,1.0,0.98
2019-Nov,freya,31.76,1.0,5.0
2019-Nov,huntkey,31.67,2.0,1.9
2019-Nov,arua,31.66,1.0,0.81
2019-Nov,montblanc,31.56,1.0,0.55
2019-Nov,aquamarine,31.4,1.0,0.85
2019-Nov,colourpop,30.89,1.0,4.35
2019-Nov,rapid,30.84,2.0,5.56
2019-Nov,pasabahce,30.03,3.0,1.65
2019-Nov,era,29.8,2.0,4.0
2019-Nov,danielklein,29.6,1.0,0.53
2019-Nov,coty,29.34,2.0,2.15
2019-Nov,swat,28.83,1.0,0.4
2019-Nov,iwalk,28.06,1.0,1.85
2019-Nov,cifyurm,28.06,1.0,2.27
2019-Nov,huggies,27.96,3.0,1.42
2019-Nov,sakura,26.74,1.0,2.63
2019-Nov,toro,25.69,2.0,1.4
2019-Nov,haday,25.48,1.0,4.76
2019-Nov,annaanna,25.48,1.0,0.49
2019-Nov,acuvue,24.45,1.0,2.33
2019-Nov,wahl,24.4,1.0,4.17
2019-Nov,besty,24.4,2.0,5.13
2019-Nov,decoroom,24.09,1.0,0.96
2019-Nov,diamondunion,23.17,1.0,0.78
2019-Nov,kuttenkeuler,23.1,1.0,5.88
2019-Nov,pupa,22.97,2.0,0.8
2019-Nov,usborne,22.37,1.0,14.29
2019-Nov,bravo,22.27,1.0,0.76
2019-Nov,continent,21.6,1.0,0.78
2019-Nov,tpmaster,20.59,1.0,8.33
2019-Nov,houseofseasons,20.58,2.0,6.25
2019-Nov,missha,20.34,1.0,1.37
2019-Nov,moony,20.27,1.0,50.0
2019-Nov,keune,20.27,1.0,5.0
2019-Nov,maxvi,19.82,2.0,1.12
2019-Nov,conceptclub,19.31,1.0,0.06
2019-Nov,natrol,19.3,2.0,6.45
2019-Nov,attribute,18.53,1.0,1.16
2019-Nov,aeg,18.03,1.0,2.0
2019-Nov,portcase,17.46,2.0,7.14
2019-Nov,sumdex,16.73,1.0,1.56
2019-Nov,first,16.73,1.0,1.23
2019-Nov,nestogen,16.71,2.0,3.03
2019-Nov,kabrita,16.6,1.0,2.22
2019-Nov,joyroom,15.19,1.0,4.0
2019-Nov,kronospan,14.84,1.0,1.3
2019-Nov,framesi,14.41,1.0,12.5
2019-Nov,samo,14.39,1.0,11.11
2019-Nov,zubr,14.16,1.0,0.29
2019-Nov,hyperx,14.13,1.0,0.21
2019-Nov,batik,14.11,2.0,6.45
2019-Nov,dermacol,13.39,1.0,0.81
2019-Nov,sennheiser,13.07,2.0,3.33
2019-Nov,bradex,12.36,1.0,1.92
2019-Nov,erichkrause,11.56,1.0,7.69
2019-Nov,s.a.n.,11.06,2.0,5.41
2019-Nov,deppa,10.76,2.0,1.8
2019-Nov,scovo,10.4,1.0,1.39
2019-Nov,sandisk,10.27,1.0,1.69
2019-Nov,bene,10.17,1.0,0.37
2019-Nov,lirene,10.13,2.0,4.26
2019-Nov,bourjois,9.74,1.0,1.08
2019-Nov,krosno,9.68,1.0,12.5
2019-Nov,machaon,9.24,1.0,1.61
2019-Nov,dilis,9.01,1.0,3.23
2019-Nov,pyrex,8.98,1.0,2.86
2019-Nov,verloni,8.97,1.0,1.28
2019-Nov,x-game,8.21,1.0,0.33
2019-Nov,humana,8.07,1.0,3.03
2019-Nov,energizer,7.95,1.0,1.75
2019-Nov,enough,6.44,1.0,2.56
2019-Nov,orange,5.79,1.0,0.75
2019-Nov,clever,5.4,2.0,22.22
2019-Nov,pnb,5.15,1.0,1.61
2019-Nov,orico,4.63,1.0,4.17
2019-Nov,ikea,4.09,1.0,0.14
2019-Nov,a-case,4.09,1.0,0.55
2019-Nov,koss,4.04,1.0,7.14
2019-Nov,crockid,3.99,1.0,0.58
2019-Nov,qnt,3.09,1.0,5.26
2019-Nov,garnier,2.51,1.0,2.56
2019-Nov,topface,2.32,1.0,2.86
2019-Nov,purederm,1.29,1.0,3.03
2019-Oct,apple,1670097.04,2167.0,3.52
2019-Oct,samsung,770099.6,2851.0,3.57
2019-Oct,xiaomi,161936.41,931.0,1.89
2019-Oct,huawei,70040.6,328.0,1.94
2019-Oct,acer,55216.4,108.0,1.57
2019-Oct,lucente,53641.51,193.0,1.99
2019-Oct,lg,50775.31,142.0,1.59
2019-Oct,oppo,45001.22,196.0,2.49
2019-Oct,sony,30362.31,99.0,1.39
2019-Oct,lenovo,27470.76,79.0,1.38
2019-Oct,indesit,22107.95,87.0,1.9
2019-Oct,asus,21549.49,40.0,1.05
2019-Oct,hp,18196.94,56.0,1.08
2019-Oct,bosch,14438.85,77.0,0.89
2019-Oct,haier,14092.7,44.0,1.54
2019-Oct,artel,13102.7,77.0,1.41
2019-Oct,dell,9260.41,7.0,1.03
2019-Oct,beko,9200.5,40.0,1.17
2019-Oct,vivo,9005.56,35.0,1.95
2019-Oct,cordiant,8728.28,172.0,3.03
2019-Oct,dauscher,8522.94,57.0,1.28
2019-Oct,navien,8179.45,14.0,3.47
2019-Oct,janome,7814.21,27.0,1.73
2019-Oct,atlant,6335.45,23.0,1.58
2019-Oct,skad,6177.8,29.0,1.71
2019-Oct,stels,5707.03,68.0,1.72
2019-Oct,hansa,5701.78,20.0,1.39
2019-Oct,philips,5659.09,61.0,1.42
2019-Oct,sv,5364.22,23.0,0.81
2019-Oct,bts,4978.4,15.0,0.78
2019-Oct,redmond,4892.12,64.0,1.39
2019-Oct,force,4885.35,29.0,1.02
2019-Oct,yokohama,4793.79,58.0,2.95
2019-Oct,nokian,4773.0,66.0,2.3
2019-Oct,midea,4650.01,29.0,1.36
2019-Oct,yasin,4574.5,17.0,2.19
2019-Oct,kivi,4537.22,20.0,1.99
2019-Oct,pulser,4429.82,6.0,0.44
2019-Oct,pioneer,4405.92,36.0,1.27
2019-Oct,tefal,4385.46,48.0,1.55
2019-Oct,casio,4188.2,41.0,0.91
2019-Oct,triangle,4142.92,82.0,2.57
2019-Oct,oneplus,3712.61,5.0,0.39
2019-Oct,jbl,3669.84,59.0,2.48
2019-Oct,hubert,3467.73,6.0,2.19
2019-Oct,meizu,3276.93,27.0,1.06
2019-Oct,kiturami,3221.15,4.0,2.86
2019-Oct,yamaha,3151.3,8.0,1.06
2019-Oct,ariston,3146.09,29.0,2.51
2019-Oct,respect,3119.09,36.0,0.83
2019-Oct,elenberg,2969.85,88.0,2.33
2019-Oct,roland,2872.32,2.0,2.94
2019-Oct,huter,2824.54,20.0,1.69
2019-Oct,canon,2714.25,6.0,0.54
2019-Oct,lider,2672.76,6.0,0.71
2019-Oct,peda,2586.94,2.0,0.26
2019-Oct,msi,2574.04,1.0,0.13
2019-Oct,starline,2546.78,18.0,0.9
2019-Oct,karcher,2533.62,15.0,0.85
2019-Oct,nokia,2531.76,35.0,1.33
2019-Oct,kipardo,2529.81,7.0,1.1
2019-Oct,sokolov,2475.46,24.0,1.51
2019-Oct,vitek,2367.75,60.0,1.59
2019-Oct,cybex,2355.09,6.0,2.45
2019-Oct,brw,2244.85,15.0,0.51
2019-Oct,epson,2237.22,10.0,1.17
2019-Oct,toshiba,2195.36,6.0,1.57
2019-Oct,sho-me,2082.79,16.0,2.28
2019-Oct,nikon,2073.45,3.0,0.7
2019-Oct,vegas,2037.88,9.0,1.6
2019-Oct,braun,1990.99,23.0,1.41
2019-Oct,t-max,1937.49,3.0,1.7
2019-Oct,alpine,1910.71,14.0,2.17
2019-Oct,hygge,1876.5,3.0,1.73
2019-Oct,hartan,1801.82,1.0,5.88
2019-Oct,prestigio,1781.76,31.0,3.34
2019-Oct,housefit,1740.07,7.0,1.89
2019-Oct,omron,1733.46,29.0,3.4
2019-Oct,omabelle,1711.75,2.0,0.11
2019-Oct,candy,1697.95,6.0,1.25
2019-Oct,netechnics,1685.96,2.0,0.49
2019-Oct,tcl,1658.16,7.0,1.22
2019-Oct,matador,1623.93,36.0,3.1
2019-Oct,dji,1612.37,1.0,0.33
2019-Oct,viatti,1607.23,38.0,2.36
2019-Oct,changhong,1484.75,5.0,1.77
2019-Oct,dyson,1477.44,3.0,0.86
2019-Oct,michelin,1473.92,11.0,1.24
2019-Oct,dxracer,1461.96,5.0,1.2
2019-Oct,polaris,1441.36,34.0,1.12
2019-Oct,garmin,1415.3,4.0,0.34
2019-Oct,kenwood,1379.82,11.0,0.94
2019-Oct,rowenta,1327.24,26.0,1.87
2019-Oct,electrolux,1252.17,15.0,1.26
2019-Oct,goodyear,1241.42,11.0,1.71
2019-Oct,genau,1233.93,3.0,2.05
2019-Oct,minelab,1158.33,1.0,5.88
2019-Oct,baden,1093.18,16.0,0.75
2019-Oct,nintendo,1060.92,7.0,2.83
2019-Oct,thomas,1060.26,3.0,0.7
2019-Oct,komfort-s,1056.33,3.0,1.7
2019-Oct,creed,1023.82,4.0,1.71
2019-Oct,erlit,1021.32,3.0,0.8
2019-Oct,phoenix,1001.97,6.0,1.5
2019-Oct,dewalt,996.86,4.0,0.52
2019-Oct,gorenje,995.78,5.0,0.5
2019-Oct,belecoo,981.43,9.0,1.3
2019-Oct,transcend,975.78,19.0,2.97
2019-Oct,neoline,974.45,7.0,0.85
2019-Oct,maxxis,927.34,13.0,1.78
2019-Oct,kingston,924.34,20.0,2.08
2019-Oct,umi,913.49,2.0,2.3
2019-Oct,peg-perego,902.25,5.0,7.35
2019-Oct,kitfort,894.19,5.0,0.65
2019-Oct,fenix,890.56,3.0,5.08
2019-Oct,arg,879.22,8.0,1.36
2019-Oct,honor,878.97,4.0,0.28
2019-Oct,panasonic,853.99,19.0,1.35
2019-Oct,brother,853.42,8.0,3.21
2019-Oct,gefest,839.35,4.0,0.37
2019-Oct,aeroforce,838.13,5.0,0.63
2019-Oct,pride,831.38,5.0,1.31
2019-Oct,zeta,799.83,14.0,1.06
2019-Oct,kovi,797.96,1.0,7.69
2019-Oct,incanto,787.06,5.0,1.27
2019-Oct,imx,774.8,3.0,3.26
2019-Oct,eurolux,774.5,6.0,1.74
2019-Oct,efremov,773.76,6.0,1.71
2019-Oct,tigar,760.01,12.0,3.06
2019-Oct,bars,740.42,15.0,3.42
2019-Oct,ea,729.68,10.0,4.29
2019-Oct,joie,706.32,5.0,1.02
2019-Oct,trebl,703.23,11.0,2.21
2019-Oct,inspector,700.04,4.0,5.97
2019-Oct,tyrex,694.43,3.0,11.54
2019-Oct,pozis,691.14,2.0,1.36
2019-Oct,pirelli,689.47,10.0,2.08
2019-Oct,nexpero,672.59,9.0,0.86
2019-Oct,alteco,664.47,11.0,1.29
2019-Oct,alphard,661.02,5.0,1.61
2019-Oct,rieker,655.11,7.0,0.59
2019-Oct,asel,652.9,11.0,2.49
2019-Oct,versace,644.0,9.0,2.14
2019-Oct,jinyu,643.52,2.0,50.0
2019-Oct,babyzen,630.65,1.0,1.64
2019-Oct,moulinex,627.83,7.0,1.08
2019-Oct,anex,615.2,1.0,1.85
2019-Oct,armani,609.79,3.0,1.35
2019-Oct,roadx,598.2,11.0,2.51
2019-Oct,tomahawk,597.18,4.0,1.62
2019-Oct,whirlpool,586.63,1.0,0.93
2019-Oct,bernina,576.33,1.0,1.49
2019-Oct,nzxt,575.84,3.0,7.69
2019-Oct,shivaki,561.77,3.0,0.64
2019-Oct,bridgestone,545.38,7.0,1.11
2019-Oct,alis,537.86,5.0,2.16
2019-Oct,luminarc,535.14,8.0,0.64
2019-Oct,kapsen,532.97,11.0,1.93
2019-Oct,sven,532.14,12.0,1.75
2019-Oct,rinnai,527.68,1.0,0.53
2019-Oct,varta,520.82,5.0,2.06
2019-Oct,scarlett,515.42,20.0,1.11
2019-Oct,lorelli,510.61,9.0,1.41
2019-Oct,swat,508.13,5.0,2.21
2019-Oct,erdenet,504.52,2.0,9.09
2019-Oct,ibox,502.52,5.0,0.8
2019-Oct,winca,489.07,1.0,1.64
2019-Oct,venta,489.0,1.0,3.45
2019-Oct,haro,488.82,1.0,0.74
2019-Oct,arnica,482.5,3.0,0.79
2019-Oct,giant,478.52,1.0,0.39
2019-Oct,continental,472.86,3.0,0.7
2019-Oct,alesis,467.54,2.0,1.01
2019-Oct,sava,466.64,10.0,4.15
2019-Oct,pituso,459.49,4.0,2.5
2019-Oct,babyliss,454.91,7.0,1.69
2019-Oct,maunfeld,449.9,2.0,2.63
2019-Oct,tunga,447.58,12.0,1.34
2019-Oct,dior,442.69,3.0,1.29
2019-Oct,hyperx,441.99,4.0,1.26
2019-Oct,apacer,438.39,15.0,4.76
2019-Oct,kolibri,437.57,1.0,1.47
2019-Oct,askona,436.83,3.0,1.01
2019-Oct,moschino,429.0,5.0,4.35
2019-Oct,givenchy,424.71,3.0,2.73
2019-Oct,elari,424.06,7.0,0.8
2019-Oct,dahon,411.59,1.0,7.14
2019-Oct,nexen,406.12,5.0,1.32
2019-Oct,lego,401.67,10.0,1.29
2019-Oct,microsoft,396.35,2.0,0.49
2019-Oct,bertoni,396.14,3.0,1.92
2019-Oct,jvc,392.49,8.0,1.08
2019-Oct,pdw,391.26,1.0,3.57
2019-Oct,bq,386.47,10.0,1.14
2019-Oct,pt-group,386.11,2.0,0.37
2019-Oct,crown,386.08,10.0,0.71
2019-Oct,delonghi,386.08,1.0,0.18
2019-Oct,element,383.51,3.0,4.29
2019-Oct,nika,379.77,7.0,1.19
2019-Oct,hankook,376.85,5.0,1.4
2019-Oct,mart,370.36,4.0,1.42
2019-Oct,roadstone,369.91,5.0,3.03
2019-Oct,hotpoint-ariston,369.43,1.0,0.44
2019-Oct,bohemia,361.09,1.0,1.01
2019-Oct,fly,355.27,10.0,2.4
2019-Oct,remington,350.88,7.0,1.47
2019-Oct,saturn,350.09,10.0,1.32
2019-Oct,darina,350.07,3.0,0.87
2019-Oct,pinus,349.28,1.0,4.76
2019-Oct,rals,348.44,1.0,0.21
2019-Oct,wacom,346.74,3.0,1.36
2019-Oct,maomaoku,335.45,1.0,0.75
2019-Oct,vectron,334.37,1.0,7.69
2019-Oct,powertrac,332.68,8.0,2.35
2019-Oct,racer,331.56,3.0,1.2
2019-Oct,edge,330.76,2.0,0.84
2019-Oct,gigabyte,327.59,4.0,0.57
2019-Oct,artmusical,326.9,3.0,1.41
2019-Oct,laston,321.98,3.0,1.44
2019-Oct,ortega,319.18,2.0,1.89
2019-Oct,picard,319.18,4.0,0.88
2019-Oct,rush,317.12,2.0,3.08
2019-Oct,etor,308.89,3.0,0.69
2019-Oct,blackberry,308.63,1.0,1.89
2019-Oct,berkut,307.6,1.0,2.44
2019-Oct,timberk,307.48,8.0,2.57
2019-Oct,swisshome,301.17,3.0,1.85
2019-Oct,tissot,298.59,1.0,0.12
2019-Oct,ccm,280.57,1.0,4.76
2019-Oct,fassen,279.02,6.0,1.2
2019-Oct,delmax,278.18,7.0,10.29
2019-Oct,chayka,277.27,3.0,1.14
2019-Oct,akom,275.42,4.0,2.52
2019-Oct,ballu,274.88,11.0,2.86
2019-Oct,garrett,271.05,1.0,0.88
2019-Oct,rooman,267.96,5.0,1.45
2019-Oct,pandora,267.96,1.0,0.3
2019-Oct,oasis,263.22,5.0,0.53
2019-Oct,kugoo,262.04,1.0,0.52
2019-Oct,comforser,259.85,5.0,1.67
2019-Oct,nitro,257.41,1.0,0.95
2019-Oct,polini,257.38,1.0,0.36
2019-Oct,nuna,256.63,1.0,4.0
2019-Oct,romanson,255.87,2.0,2.04
2019-Oct,ilife,254.55,1.0,2.86
2019-Oct,mutant,248.39,4.0,2.86
2019-Oct,selby,246.96,6.0,4.69
2019-Oct,jaguar,239.96,2.0,0.56
2019-Oct,cortland,239.36,2.0,0.9
2019-Oct,toyota,236.55,1.0,0.69
2019-Oct,gislaved,235.64,3.0,1.34
2019-Oct,autopower,235.53,2.0,8.33
2019-Oct,carfashion,229.59,4.0,0.6
2019-Oct,tecno,228.58,2.0,2.35
2019-Oct,denn,225.88,5.0,4.95
2019-Oct,asrock,224.61,1.0,0.29
2019-Oct,rivertoys,223.69,1.0,0.61
2019-Oct,ams,221.37,1.0,1.19
2019-Oct,fanline,220.34,1.0,1.41
2019-Oct,babykiss,218.8,1.0,2.94
2019-Oct,trinx,218.8,1.0,1.22
2019-Oct,carwel,217.77,1.0,4.17
2019-Oct,karya,214.93,4.0,0.56
2019-Oct,granhel,213.64,2.0,0.63
2019-Oct,thermex,213.29,2.0,0.88
2019-Oct,bergner,210.17,4.0,1.79
2019-Oct,kicx,208.76,9.0,1.51
2019-Oct,galanz,208.41,3.0,5.88
2019-Oct,magnetta,203.75,1.0,0.18
2019-Oct,partner,201.8,2.0,1.24
2019-Oct,perilla,201.64,7.0,2.6
2019-Oct,lanvin,201.4,5.0,1.71
2019-Oct,teosa,201.28,3.0,2.08
2019-Oct,wingo,200.78,1.0,5.88
2019-Oct,kartal,200.78,1.0,0.45
2019-Oct,char-broil,200.62,1.0,3.85
2019-Oct,rondell,199.86,4.0,0.44
2019-Oct,stihl,198.2,1.0,0.3
2019-Oct,nike,198.16,2.0,0.12
2019-Oct,microlab,197.55,8.0,2.8
2019-Oct,byredo,196.92,1.0,12.5
2019-Oct,dinastia,195.89,1.0,1.52
2019-Oct,pikate,193.06,2.0,1.74
2019-Oct,gf,192.75,1.0,0.58
2019-Oct,ovation,192.29,4.0,4.21
2019-Oct,leadbros,189.71,1.0,1.16
2019-Oct,hermes,189.19,1.0,7.14
2019-Oct,strobbs,182.75,4.0,0.59
2019-Oct,chicco,181.5,3.0,0.5
2019-Oct,smeg,181.03,1.0,0.23
2019-Oct,tamaris,180.71,3.0,1.51
2019-Oct,harper,179.56,6.0,1.01
2019-Oct,palit,178.1,1.0,0.35
2019-Oct,medeli,177.61,1.0,10.0
2019-Oct,kingtul,176.07,3.0,3.33
2019-Oct,stendmebel,176.04,1.0,0.26
2019-Oct,galaxy,175.99,7.0,0.67
2019-Oct,moldabela,175.55,1.0,0.68
2019-Oct,makita,174.26,1.0,0.13
2019-Oct,mystery,172.46,1.0,1.15
2019-Oct,forcekraft,172.46,2.0,2.86
2019-Oct,polti,171.18,1.0,5.56
2019-Oct,aoc,170.82,1.0,0.56
2019-Oct,logitech,169.34,6.0,3.26
2019-Oct,genesis,167.57,3.0,1.61
2019-Oct,toyo,167.31,1.0,0.44
2019-Oct,cort,167.31,1.0,1.27
2019-Oct,sailun,164.23,3.0,2.54
2019-Oct,marcomen,163.45,2.0,1.09
2019-Oct,dwt,163.33,3.0,1.21
2019-Oct,salamander,162.69,3.0,0.4
2019-Oct,vega,160.48,6.0,0.79
2019-Oct,audio-technica,159.82,3.0,2.48
2019-Oct,anytek,159.6,2.0,1.38
2019-Oct,wonlex,158.81,5.0,0.92
2019-Oct,technomax,158.31,1.0,2.78
2019-Oct,defender,155.77,13.0,2.52
2019-Oct,xerox,154.19,1.0,1.33
2019-Oct,waterpik,154.16,1.0,8.33
2019-Oct,tomfarr,152.64,1.0,0.09
2019-Oct,fengnix,151.87,1.0,12.5
2019-Oct,comfee,148.7,1.0,10.0
2019-Oct,greta,146.79,1.0,0.83
2019-Oct,nubia,145.67,1.0,2.27
2019-Oct,tp-link,145.46,6.0,0.76
2019-Oct,beyerdynamic,145.13,1.0,1.35
2019-Oct,dunlop,144.53,2.0,0.88
2019-Oct,native,144.12,1.0,2.5
2019-Oct,fli,141.57,1.0,3.33
2019-Oct,trust,139.59,2.0,0.85
2019-Oct,volta,139.0,3.0,2.63
2019-Oct,jinjianfeng,139.0,4.0,28.57
2019-Oct,garvalin,139.0,2.0,1.68
2019-Oct,king,138.97,1.0,0.59
2019-Oct,texet,137.74,3.0,0.45
2019-Oct,montale,137.73,5.0,1.05
2019-Oct,adile,133.86,2.0,5.71
2019-Oct,badlandgames,133.8,2.0,10.0
2019-Oct,voltman,133.43,2.0,2.94
2019-Oct,seagate,131.76,2.0,1.54
2019-Oct,hasbro,131.28,2.0,1.0
2019-Oct,blaupunkt,128.68,1.0,1.43
2019-Oct,akvafor,128.45,1.0,1.85
2019-Oct,lancome,127.08,1.0,3.7
2019-Oct,montblanc,126.78,3.0,4.84
2019-Oct,zlatek,123.48,3.0,1.13
2019-Oct,al-ko,121.55,1.0,5.26
2019-Oct,willmark,120.7,11.0,3.16
2019-Oct,fender,119.69,1.0,0.41
2019-Oct,atrai,119.69,1.0,3.85
2019-Oct,wingoffly,117.79,1.0,0.31
2019-Oct,almacom,117.77,2.0,0.48
2019-Oct,adil,114.55,1.0,0.77
2019-Oct,olmio,113.41,3.0,1.6
2019-Oct,bestoy,113.26,2.0,2.27
2019-Oct,total,111.97,3.0,0.7
2019-Oct,goodride,110.64,3.0,1.52
2019-Oct,ava,109.82,2.0,2.78
2019-Oct,huion,109.55,1.0,0.77
2019-Oct,m-audio,109.27,1.0,0.84
2019-Oct,sumdex,108.49,2.0,1.9
2019-Oct,sunfull,108.12,2.0,4.65
2019-Oct,heyner,108.11,1.0,2.27
2019-Oct,fujifilm,108.04,1.0,0.63
2019-Oct,grow-with-me,107.34,3.0,8.57
2019-Oct,mancera,106.4,1.0,2.94
2019-Oct,orient,106.31,1.0,0.13
2019-Oct,zelmer,103.2,2.0,2.33
2019-Oct,casper,102.19,1.0,0.93
2019-Oct,rosa,101.87,1.0,1.0
2019-Oct,hyundai,100.9,2.0,0.96
2019-Oct,maxwell,97.95,5.0,0.57
2019-Oct,vibe,97.81,1.0,14.29
2019-Oct,habilead,96.78,2.0,1.33
2019-Oct,usams,96.7,2.0,1.49
2019-Oct,navitel,95.19,1.0,0.39
2019-Oct,novline,94.99,3.0,4.48
2019-Oct,lorus,94.21,1.0,0.75
2019-Oct,delsey,93.95,1.0,1.45
2019-Oct,kaiser,93.32,1.0,1.96
2019-Oct,torrent,92.38,2.0,1.3
2019-Oct,hoover,92.09,1.0,1.47
2019-Oct,covani,91.64,1.0,1.04
2019-Oct,silva,91.38,1.0,3.85
2019-Oct,garanterm,90.32,1.0,1.96
2019-Oct,balta,89.58,1.0,0.43
2019-Oct,mutlu,87.52,1.0,1.67
2019-Oct,canyon,86.69,2.0,0.45
2019-Oct,milat,85.97,1.0,3.03
2019-Oct,reebok,84.69,1.0,0.28
2019-Oct,svc,83.38,2.0,1.54
2019-Oct,stanley,83.15,4.0,0.65
2019-Oct,deepcool,82.57,3.0,0.91
2019-Oct,longway,82.37,1.0,1.35
2019-Oct,mirage,82.37,1.0,1.92
2019-Oct,centurion,82.11,1.0,0.94
2019-Oct,lorelli-bertoni,81.33,1.0,1.1
2019-Oct,ritmix,81.2,8.0,1.03
2019-Oct,escan,80.57,2.0,0.96
2019-Oct,rosetta,78.77,1.0,2.33
2019-Oct,stagg,78.51,1.0,1.15
2019-Oct,levenhuk,78.4,1.0,0.87
2019-Oct,dunhill,78.3,1.0,6.67
2019-Oct,kukmara,77.18,2.0,1.27
2019-Oct,maxima,77.13,3.0,10.71
2019-Oct,bardahl,76.97,3.0,3.13
2019-Oct,farroad,76.76,1.0,0.83
2019-Oct,havit,76.16,2.0,10.53
2019-Oct,chameleon,75.42,1.0,2.13
2019-Oct,delux,74.89,3.0,2.31
2019-Oct,unit,74.76,2.0,1.19
2019-Oct,deluxe,72.77,2.0,1.13
2019-Oct,t-rex,71.8,1.0,2.0
2019-Oct,trussardi,71.14,1.0,1.92
2019-Oct,cenmax,69.82,1.0,0.7
2019-Oct,autoprofi,68.21,1.0,1.35
2019-Oct,burberry,67.69,1.0,1.92
2019-Oct,siger,66.9,1.0,1.33
2019-Oct,marshall,66.67,1.0,0.34
2019-Oct,kenzo,66.12,1.0,1.85
2019-Oct,deta,65.12,1.0,2.94
2019-Oct,caprice,64.61,1.0,0.7
2019-Oct,intex,64.25,1.0,0.31
2019-Oct,elikor,63.55,1.0,1.75
2019-Oct,rastar,63.22,3.0,1.12
2019-Oct,phantom,61.76,4.0,4.35
2019-Oct,aqua,61.72,2.0,0.68
2019-Oct,altenzo,61.16,1.0,5.0
2019-Oct,babytime,61.07,1.0,0.55
2019-Oct,sunwide,59.98,1.0,2.08
2019-Oct,horizont,59.46,1.0,0.35
2019-Oct,fendi,58.43,1.0,9.09
2019-Oct,kormoran,57.92,1.0,0.76
2019-Oct,amalbooks,57.9,5.0,26.32
2019-Oct,cartier,57.76,1.0,1.69
2019-Oct,albertocasiano,56.63,1.0,2.94
2019-Oct,lux,56.63,1.0,0.24
2019-Oct,shenma,56.63,1.0,4.35
2019-Oct,tristar,56.62,2.0,1.23
2019-Oct,aplus,56.11,1.0,1.89
2019-Oct,merelani,55.86,1.0,0.29
2019-Oct,zalman,55.18,1.0,2.5
2019-Oct,hifly,55.09,1.0,0.38
2019-Oct,aimoto,53.93,1.0,0.33
2019-Oct,forward,53.8,1.0,1.09
2019-Oct,maxtrek,53.28,1.0,0.78
2019-Oct,shagovita,52.6,1.0,0.31
2019-Oct,gucci,52.2,1.0,0.63
2019-Oct,bfgoodrich,52.12,1.0,0.38
2019-Oct,sonel,52.12,1.0,1.14
2019-Oct,llorens,51.46,1.0,0.45
2019-Oct,kirkland,51.35,1.0,7.69
2019-Oct,niio,51.22,1.0,7.69
2019-Oct,kromax,50.45,1.0,5.0
2019-Oct,karat,49.77,1.0,0.54
2019-Oct,sennheiser,49.65,2.0,1.77
2019-Oct,whistler,48.91,1.0,6.25
2019-Oct,asics,48.65,1.0,0.5
2019-Oct,jabra,48.37,1.0,2.27
2019-Oct,beisier,47.62,1.0,16.67
2019-Oct,plantronics,46.36,2.0,0.78
2019-Oct,lacoste,46.33,1.0,1.19
2019-Oct,inoi,46.05,1.0,0.29
2019-Oct,boto,45.17,1.0,4.35
2019-Oct,agness,44.73,2.0,1.94
2019-Oct,bsn,44.4,1.0,1.41
2019-Oct,capcom,43.76,1.0,4.0
2019-Oct,playmates,43.24,1.0,5.26
2019-Oct,rant,41.16,1.0,0.74
2019-Oct,ducray,40.93,3.0,15.79
2019-Oct,victorinox,40.67,1.0,1.43
2019-Oct,continent,40.13,2.0,1.13
2019-Oct,aeg,39.91,1.0,1.64
2019-Oct,okuma,39.61,1.0,1.69
2019-Oct,geil,39.13,1.0,0.63
2019-Oct,kx,38.59,1.0,2.0
2019-Oct,mebelson,36.78,1.0,0.89
2019-Oct,startul,36.04,2.0,1.0
2019-Oct,ubisoft,36.01,1.0,1.1
2019-Oct,adata,35.78,1.0,1.41
2019-Oct,gamma,35.25,1.0,2.13
2019-Oct,wellberg,34.89,2.0,2.82
2019-Oct,weifeng,33.46,2.0,6.06
2019-Oct,babybotte,33.46,1.0,2.04
2019-Oct,milavitsa,33.35,1.0,0.12
2019-Oct,vihr,32.92,1.0,2.44
2019-Oct,merries,32.72,2.0,3.7
2019-Oct,elysium,31.66,3.0,1.08
2019-Oct,syma,30.86,1.0,0.76
2019-Oct,apollo,30.84,2.0,3.03
2019-Oct,pampers,30.59,3.0,6.38
2019-Oct,dirkje,30.37,1.0,1.59
2019-Oct,aerocool,30.31,1.0,0.17
2019-Oct,niznekamsksina,29.6,1.0,20.0
2019-Oct,ladida,28.31,1.0,2.86
2019-Oct,welly,27.8,1.0,0.43
2019-Oct,decoroom,26.3,1.0,0.76
2019-Oct,hitechnic,26.23,1.0,3.57
2019-Oct,hb,25.71,1.0,1.52
2019-Oct,skytech,25.71,1.0,6.25
2019-Oct,tv-shop,25.48,1.0,5.88
2019-Oct,id-cooling,25.41,3.0,3.57
2019-Oct,neposeda,25.23,1.0,4.76
2019-Oct,bambola,24.43,1.0,0.64
2019-Oct,wahl,24.4,1.0,7.69
2019-Oct,redragon,23.14,1.0,1.52
2019-Oct,taller,23.14,1.0,5.26
2019-Oct,gimi,23.14,1.0,4.35
2019-Oct,piatnik,22.91,1.0,7.69
2019-Oct,promozer,22.65,1.0,3.57
2019-Oct,rivacase,22.6,1.0,1.92
2019-Oct,ipipoo,21.88,1.0,6.67
2019-Oct,scooter,20.59,1.0,16.67
2019-Oct,berghoff,19.79,1.0,0.43
2019-Oct,mobil,19.31,1.0,0.66
2019-Oct,santeri,19.28,1.0,0.8
2019-Oct,jinga,17.99,1.0,0.57
2019-Oct,maisto,17.99,1.0,4.17
2019-Oct,awei,16.96,1.0,0.92
2019-Oct,ikea,16.68,2.0,0.74
2019-Oct,uniforce,16.47,1.0,5.56
2019-Oct,kastamonu,16.07,1.0,16.67
2019-Oct,mattel,15.93,1.0,1.14
2019-Oct,aquamarine,15.71,2.0,1.26
2019-Oct,confetti,15.44,2.0,2.3
2019-Oct,timson,15.42,1.0,2.44
2019-Oct,maxvi,15.42,2.0,1.06
2019-Oct,nutrilon,14.91,1.0,0.91
2019-Oct,bestway,14.62,1.0,0.34
2019-Oct,irbis,14.53,1.0,0.36
2019-Oct,inhouse,14.34,3.0,4.69
2019-Oct,marta,14.16,1.0,3.33
2019-Oct,hoco,13.86,1.0,0.38
2019-Oct,manuoki,13.62,1.0,12.5
2019-Oct,gosh,13.32,1.0,1.35
2019-Oct,hama,12.99,1.0,2.94
2019-Oct,huggies,12.96,3.0,1.76
2019-Oct,troyka,12.84,1.0,2.78
2019-Oct,jet,12.84,1.0,0.68
2019-Oct,huntkey,12.36,1.0,1.19
2019-Oct,rozenbal,12.36,1.0,3.23
2019-Oct,karaja,11.58,1.0,3.7
2019-Oct,tarkett,11.58,2.0,0.84
2019-Oct,powerplant,11.58,3.0,5.88
2019-Oct,pasabahce,11.53,2.0,1.9
2019-Oct,yacco,11.2,1.0,1.56
2019-Oct,krosno,9.68,1.0,25.0
2019-Oct,adidas,9.08,1.0,0.22
2019-Oct,acm,8.11,1.0,4.55
2019-Oct,tega,7.72,1.0,9.09
2019-Oct,toro,7.7,1.0,1.06
2019-Oct,x-game,7.44,1.0,0.36
2019-Oct,dub,6.7,1.0,0.79
2019-Oct,bioderma,5.66,1.0,3.03
2019-Oct,dermacol,5.15,1.0,0.83
2019-Oct,nestogen,5.13,1.0,1.64
2019-Oct,garnier,4.59,1.0,2.7
2019-Oct,roxy,4.09,1.0,4.35
2019-Oct,olto,3.0,3.0,6.38
2019-Oct,art-visage,2.96,1.0,4.0
2019-Oct,koopman,2.7,1.0,1.69
